{"cameraMode":{"drawMode":0,"name":"Shaded","section":"Shading Mode"},"sceneLighting":true,"audioPlay":false,"sceneViewState":{"m_AlwaysRefresh":false,"showFog":true,"showSkybox":true,"showFlares":true,"showImageEffects":true,"showParticleSystems":true,"showVisualEffectGraphs":true,"m_FxEnabled":true},"in2DMode":false,"pivot":{"x":0.36984550952911379,"y":0.6012300252914429,"z":0.37308192253112795},"rotation":{"x":0.2600579857826233,"y":0.6380316615104675,"z":-0.24300307035446168,"w":0.6828261613845825},"size":11.161226272583008,"orthographic":false}